{"uniax": 1.5602771366470891, "biax": 1.407342122883809, "shear": 0.6734781652811173}