{"uniax": 1.646882804499511, "biax": 1.2965208078969288, "shear": 0.8492707184251068}